tittle,class
0 (1).wav,0
0 (10).wav,0
0 (100).wav,0
0 (101).wav,0
0 (102).wav,0
0 (103).wav,0
0 (104).wav,0
0 (105).wav,0
0 (106).wav,0
0 (107).wav,0
0 (108).wav,0
0 (109).wav,0
0 (11).wav,0
0 (110).wav,0
0 (111).wav,0
0 (112).wav,0
0 (113).wav,0
0 (114).wav,0
0 (115).wav,0
0 (116).wav,0
0 (117).wav,0
0 (118).wav,0
0 (119).wav,0
0 (12).wav,0
0 (120).wav,0
0 (121).wav,0
0 (122).wav,0
0 (123).wav,0
0 (124).wav,0
0 (125).wav,0
0 (126).wav,0
0 (127).wav,0
0 (128).wav,0
0 (129).wav,0
0 (13).wav,0
0 (130).wav,0
0 (131).wav,0
0 (132).wav,0
0 (133).wav,0
0 (134).wav,0
0 (135).wav,0
0 (136).wav,0
0 (137).wav,0
0 (138).wav,0
0 (139).wav,0
0 (14).wav,0
0 (140).wav,0
0 (141).wav,0
0 (142).wav,0
0 (143).wav,0
0 (144).wav,0
0 (145).wav,0
0 (146).wav,0
0 (147).wav,0
0 (148).wav,0
0 (149).wav,0
0 (15).wav,0
0 (150).wav,0
0 (151).wav,0
0 (152).wav,0
0 (153).wav,0
0 (154).wav,0
0 (155).wav,0
0 (156).wav,0
0 (157).wav,0
0 (158).wav,0
0 (159).wav,0
0 (16).wav,0
0 (160).wav,0
0 (161).wav,0
0 (162).wav,0
0 (163).wav,0
0 (164).wav,0
0 (165).wav,0
0 (166).wav,0
0 (167).wav,0
0 (168).wav,0
0 (169).wav,0
0 (17).wav,0
0 (170).wav,0
0 (171).wav,0
0 (172).wav,0
0 (173).wav,0
0 (174).wav,0
0 (175).wav,0
0 (176).wav,0
0 (177).wav,0
0 (178).wav,0
0 (179).wav,0
0 (18).wav,0
0 (180).wav,0
0 (181).wav,0
0 (182).wav,0
0 (183).wav,0
0 (184).wav,0
0 (185).wav,0
0 (186).wav,0
0 (187).wav,0
0 (188).wav,0
0 (189).wav,0
0 (19).wav,0
0 (190).wav,0
0 (191).wav,0
0 (192).wav,0
0 (193).wav,0
0 (194).wav,0
0 (195).wav,0
0 (196).wav,0
0 (197).wav,0
0 (198).wav,0
0 (199).wav,0
0 (2).wav,0
0 (20).wav,0
0 (200).wav,0
0 (201).wav,0
0 (202).wav,0
0 (203).wav,0
0 (204).wav,0
0 (205).wav,0
0 (206).wav,0
0 (207).wav,0
0 (208).wav,0
0 (209).wav,0
0 (21).wav,0
0 (210).wav,0
0 (211).wav,0
0 (212).wav,0
0 (213).wav,0
0 (214).wav,0
0 (215).wav,0
0 (216).wav,0
0 (217).wav,0
0 (218).wav,0
0 (219).wav,0
0 (22).wav,0
0 (220).wav,0
0 (221).wav,0
0 (222).wav,0
0 (223).wav,0
0 (224).wav,0
0 (225).wav,0
0 (226).wav,0
0 (227).wav,0
0 (228).wav,0
0 (229).wav,0
0 (23).wav,0
0 (230).wav,0
0 (231).wav,0
0 (232).wav,0
0 (233).wav,0
0 (234).wav,0
0 (235).wav,0
0 (236).wav,0
0 (237).wav,0
0 (238).wav,0
0 (239).wav,0
0 (24).wav,0
0 (240).wav,0
0 (241).wav,0
0 (242).wav,0
0 (243).wav,0
0 (244).wav,0
0 (245).wav,0
0 (246).wav,0
0 (247).wav,0
0 (248).wav,0
0 (249).wav,0
0 (25).wav,0
0 (250).wav,0
0 (251).wav,0
0 (252).wav,0
0 (253).wav,0
0 (254).wav,0
0 (255).wav,0
0 (256).wav,0
0 (257).wav,0
0 (258).wav,0
0 (259).wav,0
0 (26).wav,0
0 (260).wav,0
0 (261).wav,0
0 (262).wav,0
0 (263).wav,0
0 (264).wav,0
0 (265).wav,0
0 (266).wav,0
0 (267).wav,0
0 (268).wav,0
0 (269).wav,0
0 (27).wav,0
0 (270).wav,0
0 (271).wav,0
0 (272).wav,0
0 (273).wav,0
0 (274).wav,0
0 (275).wav,0
0 (276).wav,0
0 (277).wav,0
0 (278).wav,0
0 (279).wav,0
0 (28).wav,0
0 (280).wav,0
0 (281).wav,0
0 (282).wav,0
0 (283).wav,0
0 (284).wav,0
0 (285).wav,0
0 (286).wav,0
0 (287).wav,0
0 (288).wav,0
0 (289).wav,0
0 (29).wav,0
0 (290).wav,0
0 (291).wav,0
0 (292).wav,0
0 (293).wav,0
0 (294).wav,0
0 (295).wav,0
0 (296).wav,0
0 (297).wav,0
0 (298).wav,0
0 (299).wav,0
0 (3).wav,0
0 (30).wav,0
0 (300).wav,0
0 (301).wav,0
0 (302).wav,0
0 (303).wav,0
0 (304).wav,0
0 (305).wav,0
0 (306).wav,0
0 (307).wav,0
0 (308).wav,0
0 (309).wav,0
0 (31).wav,0
0 (310).wav,0
0 (311).wav,0
0 (312).wav,0
0 (313).wav,0
0 (314).wav,0
0 (315).wav,0
0 (316).wav,0
0 (317).wav,0
0 (318).wav,0
0 (319).wav,0
0 (32).wav,0
0 (320).wav,0
0 (321).wav,0
0 (322).wav,0
0 (323).wav,0
0 (324).wav,0
0 (325).wav,0
0 (326).wav,0
0 (327).wav,0
0 (328).wav,0
0 (329).wav,0
0 (33).wav,0
0 (330).wav,0
0 (331).wav,0
0 (332).wav,0
0 (333).wav,0
0 (334).wav,0
0 (335).wav,0
0 (336).wav,0
0 (337).wav,0
0 (338).wav,0
0 (339).wav,0
0 (34).wav,0
0 (340).wav,0
0 (341).wav,0
0 (342).wav,0
0 (343).wav,0
0 (344).wav,0
0 (345).wav,0
0 (346).wav,0
0 (347).wav,0
0 (348).wav,0
0 (349).wav,0
0 (35).wav,0
0 (350).wav,0
0 (351).wav,0
0 (352).wav,0
0 (353).wav,0
0 (354).wav,0
0 (355).wav,0
0 (356).wav,0
0 (357).wav,0
0 (358).wav,0
0 (359).wav,0
0 (36).wav,0
0 (360).wav,0
0 (361).wav,0
0 (362).wav,0
0 (363).wav,0
0 (364).wav,0
0 (365).wav,0
0 (366).wav,0
0 (367).wav,0
0 (368).wav,0
0 (369).wav,0
0 (37).wav,0
0 (370).wav,0
0 (371).wav,0
0 (372).wav,0
0 (373).wav,0
0 (374).wav,0
0 (375).wav,0
0 (376).wav,0
0 (377).wav,0
0 (378).wav,0
0 (379).wav,0
0 (38).wav,0
0 (380).wav,0
0 (381).wav,0
0 (382).wav,0
0 (383).wav,0
0 (384).wav,0
0 (385).wav,0
0 (386).wav,0
0 (387).wav,0
0 (388).wav,0
0 (389).wav,0
0 (39).wav,0
0 (390).wav,0
0 (391).wav,0
0 (392).wav,0
0 (393).wav,0
0 (394).wav,0
0 (395).wav,0
0 (396).wav,0
0 (397).wav,0
0 (398).wav,0
0 (399).wav,0
0 (4).wav,0
0 (40).wav,0
0 (400).wav,0
0 (401).wav,0
0 (402).wav,0
0 (403).wav,0
0 (404).wav,0
0 (405).wav,0
0 (406).wav,0
0 (407).wav,0
0 (408).wav,0
0 (409).wav,0
0 (41).wav,0
0 (410).wav,0
0 (411).wav,0
0 (412).wav,0
0 (413).wav,0
0 (414).wav,0
0 (415).wav,0
0 (416).wav,0
0 (417).wav,0
0 (418).wav,0
0 (419).wav,0
0 (42).wav,0
0 (420).wav,0
0 (421).wav,0
0 (422).wav,0
0 (423).wav,0
0 (424).wav,0
0 (425).wav,0
0 (426).wav,0
0 (427).wav,0
0 (428).wav,0
0 (429).wav,0
0 (43).wav,0
0 (430).wav,0
0 (431).wav,0
0 (432).wav,0
0 (433).wav,0
0 (434).wav,0
0 (435).wav,0
0 (436).wav,0
0 (437).wav,0
0 (438).wav,0
0 (439).wav,0
0 (44).wav,0
0 (440).wav,0
0 (441).wav,0
0 (442).wav,0
0 (443).wav,0
0 (444).wav,0
0 (445).wav,0
0 (446).wav,0
0 (447).wav,0
0 (448).wav,0
0 (449).wav,0
0 (45).wav,0
0 (450).wav,0
0 (451).wav,0
0 (452).wav,0
0 (453).wav,0
0 (454).wav,0
0 (455).wav,0
0 (456).wav,0
0 (457).wav,0
0 (458).wav,0
0 (459).wav,0
0 (46).wav,0
0 (460).wav,0
0 (461).wav,0
0 (462).wav,0
0 (463).wav,0
0 (464).wav,0
0 (465).wav,0
0 (466).wav,0
0 (467).wav,0
0 (468).wav,0
0 (469).wav,0
0 (47).wav,0
0 (470).wav,0
0 (471).wav,0
0 (472).wav,0
0 (473).wav,0
0 (474).wav,0
0 (475).wav,0
0 (476).wav,0
0 (477).wav,0
0 (478).wav,0
0 (479).wav,0
0 (48).wav,0
0 (480).wav,0
0 (481).wav,0
0 (482).wav,0
0 (483).wav,0
0 (484).wav,0
0 (485).wav,0
0 (486).wav,0
0 (487).wav,0
0 (488).wav,0
0 (489).wav,0
0 (49).wav,0
0 (490).wav,0
0 (491).wav,0
0 (492).wav,0
0 (493).wav,0
0 (494).wav,0
0 (495).wav,0
0 (496).wav,0
0 (497).wav,0
0 (498).wav,0
0 (499).wav,0
0 (5).wav,0
0 (50).wav,0
0 (500).wav,0
0 (501).wav,0
0 (502).wav,0
0 (503).wav,0
0 (504).wav,0
0 (505).wav,0
0 (506).wav,0
0 (507).wav,0
0 (508).wav,0
0 (509).wav,0
0 (51).wav,0
0 (510).wav,0
0 (511).wav,0
0 (512).wav,0
0 (513).wav,0
0 (514).wav,0
0 (515).wav,0
0 (516).wav,0
0 (517).wav,0
0 (518).wav,0
0 (519).wav,0
0 (52).wav,0
0 (520).wav,0
0 (521).wav,0
0 (522).wav,0
0 (523).wav,0
0 (524).wav,0
0 (525).wav,0
0 (526).wav,0
0 (527).wav,0
0 (528).wav,0
0 (529).wav,0
0 (53).wav,0
0 (530).wav,0
0 (531).wav,0
0 (532).wav,0
0 (533).wav,0
0 (534).wav,0
0 (535).wav,0
0 (536).wav,0
0 (537).wav,0
0 (538).wav,0
0 (539).wav,0
0 (54).wav,0
0 (540).wav,0
0 (541).wav,0
0 (542).wav,0
0 (543).wav,0
0 (544).wav,0
0 (545).wav,0
0 (546).wav,0
0 (547).wav,0
0 (548).wav,0
0 (549).wav,0
0 (55).wav,0
0 (550).wav,0
0 (551).wav,0
0 (552).wav,0
0 (553).wav,0
0 (554).wav,0
0 (555).wav,0
0 (556).wav,0
0 (557).wav,0
0 (558).wav,0
0 (559).wav,0
0 (56).wav,0
0 (560).wav,0
0 (561).wav,0
0 (562).wav,0
0 (563).wav,0
0 (564).wav,0
0 (565).wav,0
0 (566).wav,0
0 (567).wav,0
0 (568).wav,0
0 (569).wav,0
0 (57).wav,0
0 (570).wav,0
0 (571).wav,0
0 (572).wav,0
0 (573).wav,0
0 (574).wav,0
0 (575).wav,0
0 (576).wav,0
0 (577).wav,0
0 (578).wav,0
0 (579).wav,0
0 (58).wav,0
0 (580).wav,0
0 (581).wav,0
0 (582).wav,0
0 (583).wav,0
0 (584).wav,0
0 (585).wav,0
0 (586).wav,0
0 (587).wav,0
0 (588).wav,0
0 (589).wav,0
0 (59).wav,0
0 (590).wav,0
0 (591).wav,0
0 (592).wav,0
0 (593).wav,0
0 (594).wav,0
0 (595).wav,0
0 (596).wav,0
0 (597).wav,0
0 (598).wav,0
0 (599).wav,0
0 (6).wav,0
0 (60).wav,0
0 (600).wav,0
0 (601).wav,0
0 (602).wav,0
0 (603).wav,0
0 (604).wav,0
0 (605).wav,0
0 (606).wav,0
0 (607).wav,0
0 (608).wav,0
0 (609).wav,0
0 (61).wav,0
0 (610).wav,0
0 (611).wav,0
0 (612).wav,0
0 (613).wav,0
0 (614).wav,0
0 (615).wav,0
0 (616).wav,0
0 (617).wav,0
0 (618).wav,0
0 (619).wav,0
0 (62).wav,0
0 (620).wav,0
0 (621).wav,0
0 (622).wav,0
0 (623).wav,0
0 (624).wav,0
0 (625).wav,0
0 (626).wav,0
0 (627).wav,0
0 (628).wav,0
0 (629).wav,0
0 (63).wav,0
0 (630).wav,0
0 (631).wav,0
0 (632).wav,0
0 (633).wav,0
0 (634).wav,0
0 (635).wav,0
0 (636).wav,0
0 (637).wav,0
0 (638).wav,0
0 (639).wav,0
0 (64).wav,0
0 (640).wav,0
0 (641).wav,0
0 (642).wav,0
0 (643).wav,0
0 (644).wav,0
0 (645).wav,0
0 (646).wav,0
0 (647).wav,0
0 (648).wav,0
0 (649).wav,0
0 (65).wav,0
0 (650).wav,0
0 (651).wav,0
0 (652).wav,0
0 (653).wav,0
0 (654).wav,0
0 (655).wav,0
0 (656).wav,0
0 (657).wav,0
0 (658).wav,0
0 (659).wav,0
0 (66).wav,0
0 (660).wav,0
0 (661).wav,0
0 (662).wav,0
0 (663).wav,0
0 (664).wav,0
0 (665).wav,0
0 (666).wav,0
0 (667).wav,0
0 (668).wav,0
0 (669).wav,0
0 (67).wav,0
0 (670).wav,0
0 (671).wav,0
0 (672).wav,0
0 (673).wav,0
0 (674).wav,0
0 (675).wav,0
0 (676).wav,0
0 (677).wav,0
0 (678).wav,0
0 (679).wav,0
0 (68).wav,0
0 (680).wav,0
0 (681).wav,0
0 (682).wav,0
0 (683).wav,0
0 (684).wav,0
0 (685).wav,0
0 (686).wav,0
0 (687).wav,0
0 (688).wav,0
0 (689).wav,0
0 (69).wav,0
0 (690).wav,0
0 (691).wav,0
0 (692).wav,0
0 (693).wav,0
0 (694).wav,0
0 (695).wav,0
0 (696).wav,0
0 (697).wav,0
0 (698).wav,0
0 (699).wav,0
0 (7).wav,0
0 (70).wav,0
0 (700).wav,0
0 (701).wav,0
0 (702).wav,0
0 (703).wav,0
0 (704).wav,0
0 (705).wav,0
0 (706).wav,0
0 (707).wav,0
0 (708).wav,0
0 (709).wav,0
0 (71).wav,0
0 (710).wav,0
0 (711).wav,0
0 (712).wav,0
0 (713).wav,0
0 (714).wav,0
0 (715).wav,0
0 (716).wav,0
0 (717).wav,0
0 (718).wav,0
0 (719).wav,0
0 (72).wav,0
0 (720).wav,0
0 (721).wav,0
0 (722).wav,0
0 (723).wav,0
0 (724).wav,0
0 (725).wav,0
0 (726).wav,0
0 (727).wav,0
0 (728).wav,0
0 (729).wav,0
0 (73).wav,0
0 (730).wav,0
0 (731).wav,0
0 (732).wav,0
0 (733).wav,0
0 (734).wav,0
0 (735).wav,0
0 (736).wav,0
0 (737).wav,0
0 (738).wav,0
0 (739).wav,0
0 (74).wav,0
0 (740).wav,0
0 (741).wav,0
0 (742).wav,0
0 (743).wav,0
0 (744).wav,0
0 (745).wav,0
0 (746).wav,0
0 (747).wav,0
0 (748).wav,0
0 (749).wav,0
0 (75).wav,0
0 (750).wav,0
0 (751).wav,0
0 (752).wav,0
0 (753).wav,0
0 (754).wav,0
0 (755).wav,0
0 (756).wav,0
0 (757).wav,0
0 (758).wav,0
0 (759).wav,0
0 (76).wav,0
0 (760).wav,0
0 (761).wav,0
0 (762).wav,0
0 (763).wav,0
0 (764).wav,0
0 (765).wav,0
0 (766).wav,0
0 (767).wav,0
0 (768).wav,0
0 (769).wav,0
0 (77).wav,0
0 (770).wav,0
0 (771).wav,0
0 (772).wav,0
0 (773).wav,0
0 (774).wav,0
0 (775).wav,0
0 (776).wav,0
0 (777).wav,0
0 (778).wav,0
0 (779).wav,0
0 (78).wav,0
0 (780).wav,0
0 (781).wav,0
0 (782).wav,0
0 (783).wav,0
0 (784).wav,0
0 (785).wav,0
0 (786).wav,0
0 (787).wav,0
0 (788).wav,0
0 (789).wav,0
0 (79).wav,0
0 (790).wav,0
0 (791).wav,0
0 (792).wav,0
0 (793).wav,0
0 (794).wav,0
0 (795).wav,0
0 (796).wav,0
0 (797).wav,0
0 (798).wav,0
0 (799).wav,0
0 (8).wav,0
0 (80).wav,0
0 (800).wav,0
0 (81).wav,0
0 (82).wav,0
0 (83).wav,0
0 (84).wav,0
0 (85).wav,0
0 (86).wav,0
0 (87).wav,0
0 (88).wav,0
0 (89).wav,0
0 (9).wav,0
0 (90).wav,0
0 (91).wav,0
0 (92).wav,0
0 (93).wav,0
0 (94).wav,0
0 (95).wav,0
0 (96).wav,0
0 (97).wav,0
0 (98).wav,0
0 (99).wav,0
C_1 (1).wav,2
C_1 (10).wav,2
C_1 (100).wav,2
C_1 (101).wav,2
C_1 (102).wav,2
C_1 (103).wav,2
C_1 (104).wav,2
C_1 (105).wav,2
C_1 (106).wav,2
C_1 (107).wav,2
C_1 (108).wav,2
C_1 (109).wav,2
C_1 (11).wav,2
C_1 (110).wav,2
C_1 (111).wav,2
C_1 (112).wav,2
C_1 (113).wav,2
C_1 (114).wav,2
C_1 (115).wav,2
C_1 (116).wav,2
C_1 (117).wav,2
C_1 (118).wav,2
C_1 (119).wav,2
C_1 (12).wav,2
C_1 (120).wav,2
C_1 (121).wav,2
C_1 (122).wav,2
C_1 (123).wav,2
C_1 (124).wav,2
C_1 (125).wav,2
C_1 (126).wav,2
C_1 (127).wav,2
C_1 (128).wav,2
C_1 (129).wav,2
C_1 (13).wav,2
C_1 (130).wav,2
C_1 (131).wav,2
C_1 (132).wav,2
C_1 (133).wav,2
C_1 (134).wav,2
C_1 (135).wav,2
C_1 (136).wav,2
C_1 (137).wav,2
C_1 (138).wav,2
C_1 (139).wav,2
C_1 (14).wav,2
C_1 (140).wav,2
C_1 (141).wav,2
C_1 (142).wav,2
C_1 (143).wav,2
C_1 (144).wav,2
C_1 (145).wav,2
C_1 (146).wav,2
C_1 (147).wav,2
C_1 (148).wav,2
C_1 (149).wav,2
C_1 (15).wav,2
C_1 (150).wav,2
C_1 (151).wav,2
C_1 (152).wav,2
C_1 (153).wav,2
C_1 (154).wav,2
C_1 (155).wav,2
C_1 (156).wav,2
C_1 (157).wav,2
C_1 (158).wav,2
C_1 (159).wav,2
C_1 (16).wav,2
C_1 (160).wav,2
C_1 (161).wav,2
C_1 (162).wav,2
C_1 (163).wav,2
C_1 (164).wav,2
C_1 (165).wav,2
C_1 (166).wav,2
C_1 (167).wav,2
C_1 (168).wav,2
C_1 (169).wav,2
C_1 (17).wav,2
C_1 (170).wav,2
C_1 (171).wav,2
C_1 (172).wav,2
C_1 (173).wav,2
C_1 (174).wav,2
C_1 (175).wav,2
C_1 (176).wav,2
C_1 (177).wav,2
C_1 (178).wav,2
C_1 (179).wav,2
C_1 (18).wav,2
C_1 (180).wav,2
C_1 (181).wav,2
C_1 (182).wav,2
C_1 (183).wav,2
C_1 (184).wav,2
C_1 (185).wav,2
C_1 (186).wav,2
C_1 (187).wav,2
C_1 (188).wav,2
C_1 (189).wav,2
C_1 (19).wav,2
C_1 (190).wav,2
C_1 (191).wav,2
C_1 (192).wav,2
C_1 (193).wav,2
C_1 (194).wav,2
C_1 (195).wav,2
C_1 (196).wav,2
C_1 (197).wav,2
C_1 (198).wav,2
C_1 (199).wav,2
C_1 (2).wav,2
C_1 (20).wav,2
C_1 (200).wav,2
C_1 (201).wav,2
C_1 (202).wav,2
C_1 (203).wav,2
C_1 (204).wav,2
C_1 (205).wav,2
C_1 (206).wav,2
C_1 (207).wav,2
C_1 (208).wav,2
C_1 (209).wav,2
C_1 (21).wav,2
C_1 (210).wav,2
C_1 (211).wav,2
C_1 (212).wav,2
C_1 (213).wav,2
C_1 (214).wav,2
C_1 (215).wav,2
C_1 (216).wav,2
C_1 (217).wav,2
C_1 (218).wav,2
C_1 (219).wav,2
C_1 (22).wav,2
C_1 (220).wav,2
C_1 (221).wav,2
C_1 (222).wav,2
C_1 (223).wav,2
C_1 (224).wav,2
C_1 (225).wav,2
C_1 (226).wav,2
C_1 (227).wav,2
C_1 (228).wav,2
C_1 (229).wav,2
C_1 (23).wav,2
C_1 (230).wav,2
C_1 (231).wav,2
C_1 (232).wav,2
C_1 (233).wav,2
C_1 (234).wav,2
C_1 (235).wav,2
C_1 (236).wav,2
C_1 (237).wav,2
C_1 (238).wav,2
C_1 (239).wav,2
C_1 (24).wav,2
C_1 (240).wav,2
C_1 (241).wav,2
C_1 (242).wav,2
C_1 (243).wav,2
C_1 (244).wav,2
C_1 (245).wav,2
C_1 (246).wav,2
C_1 (247).wav,2
C_1 (248).wav,2
C_1 (249).wav,2
C_1 (25).wav,2
C_1 (250).wav,2
C_1 (251).wav,2
C_1 (252).wav,2
C_1 (253).wav,2
C_1 (254).wav,2
C_1 (255).wav,2
C_1 (256).wav,2
C_1 (257).wav,2
C_1 (258).wav,2
C_1 (259).wav,2
C_1 (26).wav,2
C_1 (260).wav,2
C_1 (261).wav,2
C_1 (262).wav,2
C_1 (263).wav,2
C_1 (264).wav,2
C_1 (265).wav,2
C_1 (266).wav,2
C_1 (267).wav,2
C_1 (268).wav,2
C_1 (269).wav,2
C_1 (27).wav,2
C_1 (270).wav,2
C_1 (271).wav,2
C_1 (272).wav,2
C_1 (273).wav,2
C_1 (274).wav,2
C_1 (275).wav,2
C_1 (276).wav,2
C_1 (277).wav,2
C_1 (278).wav,2
C_1 (279).wav,2
C_1 (28).wav,2
C_1 (280).wav,2
C_1 (281).wav,2
C_1 (282).wav,2
C_1 (283).wav,2
C_1 (284).wav,2
C_1 (285).wav,2
C_1 (286).wav,2
C_1 (287).wav,2
C_1 (288).wav,2
C_1 (289).wav,2
C_1 (29).wav,2
C_1 (290).wav,2
C_1 (291).wav,2
C_1 (292).wav,2
C_1 (293).wav,2
C_1 (294).wav,2
C_1 (295).wav,2
C_1 (296).wav,2
C_1 (297).wav,2
C_1 (298).wav,2
C_1 (299).wav,2
C_1 (3).wav,2
C_1 (30).wav,2
C_1 (300).wav,2
C_1 (301).wav,2
C_1 (302).wav,2
C_1 (303).wav,2
C_1 (304).wav,2
C_1 (305).wav,2
C_1 (306).wav,2
C_1 (307).wav,2
C_1 (308).wav,2
C_1 (309).wav,2
C_1 (31).wav,2
C_1 (310).wav,2
C_1 (311).wav,2
C_1 (312).wav,2
C_1 (313).wav,2
C_1 (314).wav,2
C_1 (315).wav,2
C_1 (316).wav,2
C_1 (317).wav,2
C_1 (318).wav,2
C_1 (319).wav,2
C_1 (32).wav,2
C_1 (320).wav,2
C_1 (321).wav,2
C_1 (322).wav,2
C_1 (323).wav,2
C_1 (324).wav,2
C_1 (325).wav,2
C_1 (326).wav,2
C_1 (327).wav,2
C_1 (328).wav,2
C_1 (329).wav,2
C_1 (33).wav,2
C_1 (330).wav,2
C_1 (331).wav,2
C_1 (332).wav,2
C_1 (333).wav,2
C_1 (334).wav,2
C_1 (34).wav,2
C_1 (35).wav,2
C_1 (36).wav,2
C_1 (37).wav,2
C_1 (38).wav,2
C_1 (39).wav,2
C_1 (4).wav,2
C_1 (40).wav,2
C_1 (41).wav,2
C_1 (42).wav,2
C_1 (43).wav,2
C_1 (44).wav,2
C_1 (45).wav,2
C_1 (46).wav,2
C_1 (47).wav,2
C_1 (48).wav,2
C_1 (49).wav,2
C_1 (5).wav,2
C_1 (50).wav,2
C_1 (51).wav,2
C_1 (52).wav,2
C_1 (53).wav,2
C_1 (54).wav,2
C_1 (55).wav,2
C_1 (56).wav,2
C_1 (57).wav,2
C_1 (58).wav,2
C_1 (59).wav,2
C_1 (6).wav,2
C_1 (60).wav,2
C_1 (61).wav,2
C_1 (62).wav,2
C_1 (63).wav,2
C_1 (64).wav,2
C_1 (65).wav,2
C_1 (66).wav,2
C_1 (67).wav,2
C_1 (68).wav,2
C_1 (69).wav,2
C_1 (7).wav,2
C_1 (70).wav,2
C_1 (71).wav,2
C_1 (72).wav,2
C_1 (73).wav,2
C_1 (74).wav,2
C_1 (75).wav,2
C_1 (76).wav,2
C_1 (77).wav,2
C_1 (78).wav,2
C_1 (79).wav,2
C_1 (8).wav,2
C_1 (80).wav,2
C_1 (81).wav,2
C_1 (82).wav,2
C_1 (83).wav,2
C_1 (84).wav,2
C_1 (85).wav,2
C_1 (86).wav,2
C_1 (87).wav,2
C_1 (88).wav,2
C_1 (89).wav,2
C_1 (9).wav,2
C_1 (90).wav,2
C_1 (91).wav,2
C_1 (92).wav,2
C_1 (93).wav,2
C_1 (94).wav,2
C_1 (95).wav,2
C_1 (96).wav,2
C_1 (97).wav,2
C_1 (98).wav,2
C_1 (99).wav,2
C_2 (1).wav,2
C_2 (10).wav,2
C_2 (100).wav,2
C_2 (101).wav,2
C_2 (102).wav,2
C_2 (103).wav,2
C_2 (104).wav,2
C_2 (105).wav,2
C_2 (106).wav,2
C_2 (107).wav,2
C_2 (108).wav,2
C_2 (109).wav,2
C_2 (11).wav,2
C_2 (110).wav,2
C_2 (111).wav,2
C_2 (112).wav,2
C_2 (113).wav,2
C_2 (114).wav,2
C_2 (115).wav,2
C_2 (116).wav,2
C_2 (117).wav,2
C_2 (118).wav,2
C_2 (119).wav,2
C_2 (12).wav,2
C_2 (120).wav,2
C_2 (121).wav,2
C_2 (122).wav,2
C_2 (123).wav,2
C_2 (124).wav,2
C_2 (125).wav,2
C_2 (126).wav,2
C_2 (127).wav,2
C_2 (128).wav,2
C_2 (129).wav,2
C_2 (13).wav,2
C_2 (130).wav,2
C_2 (131).wav,2
C_2 (132).wav,2
C_2 (133).wav,2
C_2 (134).wav,2
C_2 (135).wav,2
C_2 (136).wav,2
C_2 (137).wav,2
C_2 (138).wav,2
C_2 (139).wav,2
C_2 (14).wav,2
C_2 (140).wav,2
C_2 (141).wav,2
C_2 (142).wav,2
C_2 (143).wav,2
C_2 (144).wav,2
C_2 (145).wav,2
C_2 (146).wav,2
C_2 (147).wav,2
C_2 (148).wav,2
C_2 (149).wav,2
C_2 (15).wav,2
C_2 (150).wav,2
C_2 (151).wav,2
C_2 (152).wav,2
C_2 (153).wav,2
C_2 (154).wav,2
C_2 (155).wav,2
C_2 (156).wav,2
C_2 (157).wav,2
C_2 (158).wav,2
C_2 (159).wav,2
C_2 (16).wav,2
C_2 (160).wav,2
C_2 (161).wav,2
C_2 (162).wav,2
C_2 (163).wav,2
C_2 (164).wav,2
C_2 (165).wav,2
C_2 (166).wav,2
C_2 (167).wav,2
C_2 (168).wav,2
C_2 (169).wav,2
C_2 (17).wav,2
C_2 (170).wav,2
C_2 (171).wav,2
C_2 (172).wav,2
C_2 (173).wav,2
C_2 (174).wav,2
C_2 (175).wav,2
C_2 (176).wav,2
C_2 (177).wav,2
C_2 (178).wav,2
C_2 (179).wav,2
C_2 (18).wav,2
C_2 (180).wav,2
C_2 (181).wav,2
C_2 (182).wav,2
C_2 (183).wav,2
C_2 (184).wav,2
C_2 (185).wav,2
C_2 (186).wav,2
C_2 (187).wav,2
C_2 (188).wav,2
C_2 (189).wav,2
C_2 (19).wav,2
C_2 (190).wav,2
C_2 (191).wav,2
C_2 (192).wav,2
C_2 (193).wav,2
C_2 (194).wav,2
C_2 (195).wav,2
C_2 (196).wav,2
C_2 (197).wav,2
C_2 (198).wav,2
C_2 (199).wav,2
C_2 (2).wav,2
C_2 (20).wav,2
C_2 (200).wav,2
C_2 (201).wav,2
C_2 (202).wav,2
C_2 (203).wav,2
C_2 (204).wav,2
C_2 (205).wav,2
C_2 (206).wav,2
C_2 (207).wav,2
C_2 (208).wav,2
C_2 (209).wav,2
C_2 (21).wav,2
C_2 (210).wav,2
C_2 (211).wav,2
C_2 (212).wav,2
C_2 (213).wav,2
C_2 (214).wav,2
C_2 (215).wav,2
C_2 (216).wav,2
C_2 (217).wav,2
C_2 (218).wav,2
C_2 (219).wav,2
C_2 (22).wav,2
C_2 (225).wav,2
C_2 (23).wav,2
C_2 (24).wav,2
C_2 (25).wav,2
C_2 (26).wav,2
C_2 (27).wav,2
C_2 (28).wav,2
C_2 (29).wav,2
C_2 (3).wav,2
C_2 (30).wav,2
C_2 (31).wav,2
C_2 (32).wav,2
C_2 (33).wav,2
C_2 (34).wav,2
C_2 (35).wav,2
C_2 (36).wav,2
C_2 (37).wav,2
C_2 (38).wav,2
C_2 (39).wav,2
C_2 (4).wav,2
C_2 (40).wav,2
C_2 (41).wav,2
C_2 (42).wav,2
C_2 (43).wav,2
C_2 (44).wav,2
C_2 (45).wav,2
C_2 (46).wav,2
C_2 (47).wav,2
C_2 (48).wav,2
C_2 (49).wav,2
C_2 (5).wav,2
C_2 (50).wav,2
C_2 (51).wav,2
C_2 (52).wav,2
C_2 (53).wav,2
C_2 (54).wav,2
C_2 (55).wav,2
C_2 (56).wav,2
C_2 (57).wav,2
C_2 (58).wav,2
C_2 (59).wav,2
C_2 (6).wav,2
C_2 (60).wav,2
C_2 (61).wav,2
C_2 (62).wav,2
C_2 (63).wav,2
C_2 (64).wav,2
C_2 (65).wav,2
C_2 (66).wav,2
C_2 (67).wav,2
C_2 (68).wav,2
C_2 (69).wav,2
C_2 (7).wav,2
C_2 (70).wav,2
C_2 (71).wav,2
C_2 (72).wav,2
C_2 (73).wav,2
C_2 (74).wav,2
C_2 (75).wav,2
C_2 (76).wav,2
C_2 (77).wav,2
C_2 (78).wav,2
C_2 (79).wav,2
C_2 (8).wav,2
C_2 (80).wav,2
C_2 (81).wav,2
C_2 (82).wav,2
C_2 (83).wav,2
C_2 (84).wav,2
C_2 (85).wav,2
C_2 (86).wav,2
C_2 (87).wav,2
C_2 (88).wav,2
C_2 (89).wav,2
C_2 (9).wav,2
C_2 (90).wav,2
C_2 (91).wav,2
C_2 (92).wav,2
C_2 (93).wav,2
C_2 (94).wav,2
C_2 (95).wav,2
C_2 (96).wav,2
C_2 (97).wav,2
C_2 (98).wav,2
C_2 (99).wav,2
C_3 (1).wav,2
C_3 (10).wav,2
C_3 (100).wav,2
C_3 (101).wav,2
C_3 (102).wav,2
C_3 (103).wav,2
C_3 (104).wav,2
C_3 (105).wav,2
C_3 (106).wav,2
C_3 (107).wav,2
C_3 (108).wav,2
C_3 (109).wav,2
C_3 (11).wav,2
C_3 (110).wav,2
C_3 (111).wav,2
C_3 (112).wav,2
C_3 (113).wav,2
C_3 (114).wav,2
C_3 (115).wav,2
C_3 (116).wav,2
C_3 (117).wav,2
C_3 (118).wav,2
C_3 (119).wav,2
C_3 (12).wav,2
C_3 (120).wav,2
C_3 (121).wav,2
C_3 (122).wav,2
C_3 (123).wav,2
C_3 (124).wav,2
C_3 (125).wav,2
C_3 (126).wav,2
C_3 (127).wav,2
C_3 (128).wav,2
C_3 (129).wav,2
C_3 (13).wav,2
C_3 (130).wav,2
C_3 (131).wav,2
C_3 (132).wav,2
C_3 (133).wav,2
C_3 (134).wav,2
C_3 (135).wav,2
C_3 (136).wav,2
C_3 (137).wav,2
C_3 (138).wav,2
C_3 (139).wav,2
C_3 (14).wav,2
C_3 (140).wav,2
C_3 (141).wav,2
C_3 (142).wav,2
C_3 (143).wav,2
C_3 (144).wav,2
C_3 (145).wav,2
C_3 (146).wav,2
C_3 (147).wav,2
C_3 (148).wav,2
C_3 (149).wav,2
C_3 (15).wav,2
C_3 (150).wav,2
C_3 (151).wav,2
C_3 (152).wav,2
C_3 (153).wav,2
C_3 (154).wav,2
C_3 (155).wav,2
C_3 (156).wav,2
C_3 (157).wav,2
C_3 (158).wav,2
C_3 (159).wav,2
C_3 (16).wav,2
C_3 (160).wav,2
C_3 (161).wav,2
C_3 (162).wav,2
C_3 (163).wav,2
C_3 (164).wav,2
C_3 (165).wav,2
C_3 (166).wav,2
C_3 (167).wav,2
C_3 (168).wav,2
C_3 (169).wav,2
C_3 (17).wav,2
C_3 (170).wav,2
C_3 (171).wav,2
C_3 (172).wav,2
C_3 (173).wav,2
C_3 (174).wav,2
C_3 (175).wav,2
C_3 (176).wav,2
C_3 (177).wav,2
C_3 (178).wav,2
C_3 (179).wav,2
C_3 (18).wav,2
C_3 (180).wav,2
C_3 (181).wav,2
C_3 (182).wav,2
C_3 (183).wav,2
C_3 (184).wav,2
C_3 (185).wav,2
C_3 (186).wav,2
C_3 (187).wav,2
C_3 (188).wav,2
C_3 (189).wav,2
C_3 (19).wav,2
C_3 (190).wav,2
C_3 (191).wav,2
C_3 (192).wav,2
C_3 (193).wav,2
C_3 (194).wav,2
C_3 (195).wav,2
C_3 (196).wav,2
C_3 (197).wav,2
C_3 (198).wav,2
C_3 (199).wav,2
C_3 (2).wav,2
C_3 (20).wav,2
C_3 (200).wav,2
C_3 (201).wav,2
C_3 (202).wav,2
C_3 (203).wav,2
C_3 (204).wav,2
C_3 (205).wav,2
C_3 (206).wav,2
C_3 (207).wav,2
C_3 (208).wav,2
C_3 (209).wav,2
C_3 (21).wav,2
C_3 (210).wav,2
C_3 (211).wav,2
C_3 (212).wav,2
C_3 (213).wav,2
C_3 (214).wav,2
C_3 (215).wav,2
C_3 (216).wav,2
C_3 (217).wav,2
C_3 (218).wav,2
C_3 (219).wav,2
C_3 (22).wav,2
C_3 (220).wav,2
C_3 (221).wav,2
C_3 (222).wav,2
C_3 (223).wav,2
C_3 (224).wav,2
C_3 (225).wav,2
C_3 (226).wav,2
C_3 (227).wav,2
C_3 (228).wav,2
C_3 (229).wav,2
C_3 (23).wav,2
C_3 (230).wav,2
C_3 (231).wav,2
C_3 (232).wav,2
C_3 (233).wav,2
C_3 (234).wav,2
C_3 (235).wav,2
C_3 (236).wav,2
C_3 (237).wav,2
C_3 (238).wav,2
C_3 (239).wav,2
C_3 (24).wav,2
C_3 (240).wav,2
C_3 (241).wav,2
C_3 (242).wav,2
C_3 (243).wav,2
C_3 (244).wav,2
C_3 (245).wav,2
C_3 (246).wav,2
C_3 (25).wav,2
C_3 (26).wav,2
C_3 (27).wav,2
C_3 (28).wav,2
C_3 (29).wav,2
C_3 (3).wav,2
C_3 (30).wav,2
C_3 (31).wav,2
C_3 (32).wav,2
C_3 (33).wav,2
C_3 (34).wav,2
C_3 (35).wav,2
C_3 (36).wav,2
C_3 (37).wav,2
C_3 (38).wav,2
C_3 (39).wav,2
C_3 (4).wav,2
C_3 (40).wav,2
C_3 (41).wav,2
C_3 (42).wav,2
C_3 (43).wav,2
C_3 (44).wav,2
C_3 (45).wav,2
C_3 (46).wav,2
C_3 (47).wav,2
C_3 (48).wav,2
C_3 (49).wav,2
C_3 (5).wav,2
C_3 (50).wav,2
C_3 (51).wav,2
C_3 (52).wav,2
C_3 (53).wav,2
C_3 (54).wav,2
C_3 (55).wav,2
C_3 (56).wav,2
C_3 (57).wav,2
C_3 (58).wav,2
C_3 (59).wav,2
C_3 (6).wav,2
C_3 (60).wav,2
C_3 (61).wav,2
C_3 (62).wav,2
C_3 (63).wav,2
C_3 (64).wav,2
C_3 (65).wav,2
C_3 (66).wav,2
C_3 (67).wav,2
C_3 (68).wav,2
C_3 (69).wav,2
C_3 (7).wav,2
C_3 (70).wav,2
C_3 (71).wav,2
C_3 (72).wav,2
C_3 (73).wav,2
C_3 (74).wav,2
C_3 (75).wav,2
C_3 (76).wav,2
C_3 (77).wav,2
C_3 (78).wav,2
C_3 (79).wav,2
C_3 (8).wav,2
C_3 (80).wav,2
C_3 (81).wav,2
C_3 (82).wav,2
C_3 (83).wav,2
C_3 (84).wav,2
C_3 (85).wav,2
C_3 (86).wav,2
C_3 (87).wav,2
C_3 (88).wav,2
C_3 (89).wav,2
C_3 (9).wav,2
C_3 (90).wav,2
C_3 (91).wav,2
C_3 (92).wav,2
C_3 (93).wav,2
C_3 (94).wav,2
C_3 (95).wav,2
C_3 (96).wav,2
C_3 (97).wav,2
C_3 (98).wav,2
C_3 (99).wav,2
S_1 (1).wav,1
S_1 (10).wav,1
S_1 (100).wav,1
S_1 (101).wav,1
S_1 (102).wav,1
S_1 (103).wav,1
S_1 (104).wav,1
S_1 (105).wav,1
S_1 (106).wav,1
S_1 (107).wav,1
S_1 (108).wav,1
S_1 (109).wav,1
S_1 (11).wav,1
S_1 (110).wav,1
S_1 (111).wav,1
S_1 (112).wav,1
S_1 (113).wav,1
S_1 (114).wav,1
S_1 (115).wav,1
S_1 (116).wav,1
S_1 (117).wav,1
S_1 (118).wav,1
S_1 (119).wav,1
S_1 (12).wav,1
S_1 (120).wav,1
S_1 (121).wav,1
S_1 (122).wav,1
S_1 (123).wav,1
S_1 (124).wav,1
S_1 (125).wav,1
S_1 (126).wav,1
S_1 (127).wav,1
S_1 (128).wav,1
S_1 (129).wav,1
S_1 (13).wav,1
S_1 (130).wav,1
S_1 (131).wav,1
S_1 (132).wav,1
S_1 (133).wav,1
S_1 (134).wav,1
S_1 (135).wav,1
S_1 (136).wav,1
S_1 (137).wav,1
S_1 (138).wav,1
S_1 (139).wav,1
S_1 (14).wav,1
S_1 (140).wav,1
S_1 (141).wav,1
S_1 (142).wav,1
S_1 (143).wav,1
S_1 (144).wav,1
S_1 (145).wav,1
S_1 (146).wav,1
S_1 (147).wav,1
S_1 (148).wav,1
S_1 (149).wav,1
S_1 (15).wav,1
S_1 (150).wav,1
S_1 (151).wav,1
S_1 (152).wav,1
S_1 (153).wav,1
S_1 (154).wav,1
S_1 (155).wav,1
S_1 (156).wav,1
S_1 (157).wav,1
S_1 (158).wav,1
S_1 (159).wav,1
S_1 (16).wav,1
S_1 (160).wav,1
S_1 (161).wav,1
S_1 (162).wav,1
S_1 (163).wav,1
S_1 (164).wav,1
S_1 (165).wav,1
S_1 (166).wav,1
S_1 (167).wav,1
S_1 (168).wav,1
S_1 (169).wav,1
S_1 (17).wav,1
S_1 (170).wav,1
S_1 (171).wav,1
S_1 (172).wav,1
S_1 (173).wav,1
S_1 (174).wav,1
S_1 (175).wav,1
S_1 (176).wav,1
S_1 (177).wav,1
S_1 (178).wav,1
S_1 (179).wav,1
S_1 (18).wav,1
S_1 (180).wav,1
S_1 (181).wav,1
S_1 (182).wav,1
S_1 (183).wav,1
S_1 (184).wav,1
S_1 (185).wav,1
S_1 (186).wav,1
S_1 (187).wav,1
S_1 (188).wav,1
S_1 (189).wav,1
S_1 (19).wav,1
S_1 (190).wav,1
S_1 (191).wav,1
S_1 (192).wav,1
S_1 (193).wav,1
S_1 (194).wav,1
S_1 (195).wav,1
S_1 (196).wav,1
S_1 (197).wav,1
S_1 (198).wav,1
S_1 (199).wav,1
S_1 (2).wav,1
S_1 (20).wav,1
S_1 (200).wav,1
S_1 (201).wav,1
S_1 (202).wav,1
S_1 (203).wav,1
S_1 (204).wav,1
S_1 (205).wav,1
S_1 (206).wav,1
S_1 (207).wav,1
S_1 (208).wav,1
S_1 (209).wav,1
S_1 (21).wav,1
S_1 (210).wav,1
S_1 (211).wav,1
S_1 (212).wav,1
S_1 (213).wav,1
S_1 (214).wav,1
S_1 (215).wav,1
S_1 (216).wav,1
S_1 (217).wav,1
S_1 (218).wav,1
S_1 (219).wav,1
S_1 (22).wav,1
S_1 (220).wav,1
S_1 (221).wav,1
S_1 (222).wav,1
S_1 (223).wav,1
S_1 (224).wav,1
S_1 (225).wav,1
S_1 (226).wav,1
S_1 (227).wav,1
S_1 (228).wav,1
S_1 (229).wav,1
S_1 (23).wav,1
S_1 (230).wav,1
S_1 (231).wav,1
S_1 (232).wav,1
S_1 (233).wav,1
S_1 (234).wav,1
S_1 (235).wav,1
S_1 (236).wav,1
S_1 (237).wav,1
S_1 (238).wav,1
S_1 (239).wav,1
S_1 (24).wav,1
S_1 (240).wav,1
S_1 (241).wav,1
S_1 (242).wav,1
S_1 (243).wav,1
S_1 (244).wav,1
S_1 (245).wav,1
S_1 (246).wav,1
S_1 (247).wav,1
S_1 (248).wav,1
S_1 (249).wav,1
S_1 (25).wav,1
S_1 (250).wav,1
S_1 (251).wav,1
S_1 (252).wav,1
S_1 (253).wav,1
S_1 (254).wav,1
S_1 (255).wav,1
S_1 (256).wav,1
S_1 (257).wav,1
S_1 (258).wav,1
S_1 (259).wav,1
S_1 (26).wav,1
S_1 (260).wav,1
S_1 (261).wav,1
S_1 (262).wav,1
S_1 (263).wav,1
S_1 (264).wav,1
S_1 (265).wav,1
S_1 (266).wav,1
S_1 (267).wav,1
S_1 (268).wav,1
S_1 (269).wav,1
S_1 (27).wav,1
S_1 (270).wav,1
S_1 (271).wav,1
S_1 (272).wav,1
S_1 (273).wav,1
S_1 (274).wav,1
S_1 (275).wav,1
S_1 (276).wav,1
S_1 (277).wav,1
S_1 (278).wav,1
S_1 (279).wav,1
S_1 (28).wav,1
S_1 (280).wav,1
S_1 (281).wav,1
S_1 (29).wav,1
S_1 (3).wav,1
S_1 (30).wav,1
S_1 (31).wav,1
S_1 (32).wav,1
S_1 (33).wav,1
S_1 (34).wav,1
S_1 (35).wav,1
S_1 (36).wav,1
S_1 (37).wav,1
S_1 (38).wav,1
S_1 (39).wav,1
S_1 (4).wav,1
S_1 (40).wav,1
S_1 (41).wav,1
S_1 (42).wav,1
S_1 (43).wav,1
S_1 (44).wav,1
S_1 (45).wav,1
S_1 (46).wav,1
S_1 (47).wav,1
S_1 (48).wav,1
S_1 (49).wav,1
S_1 (5).wav,1
S_1 (50).wav,1
S_1 (51).wav,1
S_1 (52).wav,1
S_1 (53).wav,1
S_1 (54).wav,1
S_1 (55).wav,1
S_1 (56).wav,1
S_1 (57).wav,1
S_1 (58).wav,1
S_1 (59).wav,1
S_1 (6).wav,1
S_1 (60).wav,1
S_1 (61).wav,1
S_1 (62).wav,1
S_1 (63).wav,1
S_1 (64).wav,1
S_1 (65).wav,1
S_1 (66).wav,1
S_1 (67).wav,1
S_1 (68).wav,1
S_1 (69).wav,1
S_1 (7).wav,1
S_1 (70).wav,1
S_1 (71).wav,1
S_1 (72).wav,1
S_1 (73).wav,1
S_1 (74).wav,1
S_1 (75).wav,1
S_1 (76).wav,1
S_1 (77).wav,1
S_1 (78).wav,1
S_1 (79).wav,1
S_1 (8).wav,1
S_1 (80).wav,1
S_1 (81).wav,1
S_1 (82).wav,1
S_1 (83).wav,1
S_1 (84).wav,1
S_1 (85).wav,1
S_1 (86).wav,1
S_1 (87).wav,1
S_1 (88).wav,1
S_1 (89).wav,1
S_1 (9).wav,1
S_1 (90).wav,1
S_1 (91).wav,1
S_1 (92).wav,1
S_1 (93).wav,1
S_1 (94).wav,1
S_1 (95).wav,1
S_1 (96).wav,1
S_1 (97).wav,1
S_1 (98).wav,1
S_1 (99).wav,1
S_2 (1).wav,1
S_2 (10).wav,1
S_2 (100).wav,1
S_2 (101).wav,1
S_2 (102).wav,1
S_2 (103).wav,1
S_2 (104).wav,1
S_2 (105).wav,1
S_2 (106).wav,1
S_2 (107).wav,1
S_2 (108).wav,1
S_2 (109).wav,1
S_2 (11).wav,1
S_2 (110).wav,1
S_2 (111).wav,1
S_2 (112).wav,1
S_2 (113).wav,1
S_2 (114).wav,1
S_2 (115).wav,1
S_2 (116).wav,1
S_2 (117).wav,1
S_2 (118).wav,1
S_2 (119).wav,1
S_2 (12).wav,1
S_2 (120).wav,1
S_2 (121).wav,1
S_2 (122).wav,1
S_2 (123).wav,1
S_2 (124).wav,1
S_2 (125).wav,1
S_2 (126).wav,1
S_2 (127).wav,1
S_2 (128).wav,1
S_2 (129).wav,1
S_2 (13).wav,1
S_2 (130).wav,1
S_2 (131).wav,1
S_2 (132).wav,1
S_2 (133).wav,1
S_2 (134).wav,1
S_2 (135).wav,1
S_2 (136).wav,1
S_2 (137).wav,1
S_2 (138).wav,1
S_2 (139).wav,1
S_2 (14).wav,1
S_2 (140).wav,1
S_2 (141).wav,1
S_2 (142).wav,1
S_2 (143).wav,1
S_2 (144).wav,1
S_2 (145).wav,1
S_2 (146).wav,1
S_2 (147).wav,1
S_2 (148).wav,1
S_2 (149).wav,1
S_2 (15).wav,1
S_2 (150).wav,1
S_2 (151).wav,1
S_2 (152).wav,1
S_2 (153).wav,1
S_2 (154).wav,1
S_2 (155).wav,1
S_2 (156).wav,1
S_2 (157).wav,1
S_2 (158).wav,1
S_2 (159).wav,1
S_2 (16).wav,1
S_2 (160).wav,1
S_2 (161).wav,1
S_2 (162).wav,1
S_2 (163).wav,1
S_2 (164).wav,1
S_2 (165).wav,1
S_2 (166).wav,1
S_2 (167).wav,1
S_2 (168).wav,1
S_2 (169).wav,1
S_2 (17).wav,1
S_2 (170).wav,1
S_2 (171).wav,1
S_2 (172).wav,1
S_2 (173).wav,1
S_2 (174).wav,1
S_2 (175).wav,1
S_2 (176).wav,1
S_2 (177).wav,1
S_2 (178).wav,1
S_2 (179).wav,1
S_2 (18).wav,1
S_2 (180).wav,1
S_2 (181).wav,1
S_2 (182).wav,1
S_2 (183).wav,1
S_2 (184).wav,1
S_2 (185).wav,1
S_2 (186).wav,1
S_2 (187).wav,1
S_2 (188).wav,1
S_2 (189).wav,1
S_2 (19).wav,1
S_2 (190).wav,1
S_2 (191).wav,1
S_2 (192).wav,1
S_2 (193).wav,1
S_2 (194).wav,1
S_2 (195).wav,1
S_2 (196).wav,1
S_2 (197).wav,1
S_2 (198).wav,1
S_2 (199).wav,1
S_2 (2).wav,1
S_2 (20).wav,1
S_2 (200).wav,1
S_2 (201).wav,1
S_2 (202).wav,1
S_2 (203).wav,1
S_2 (204).wav,1
S_2 (205).wav,1
S_2 (206).wav,1
S_2 (207).wav,1
S_2 (208).wav,1
S_2 (209).wav,1
S_2 (21).wav,1
S_2 (210).wav,1
S_2 (211).wav,1
S_2 (212).wav,1
S_2 (213).wav,1
S_2 (214).wav,1
S_2 (215).wav,1
S_2 (216).wav,1
S_2 (217).wav,1
S_2 (218).wav,1
S_2 (219).wav,1
S_2 (22).wav,1
S_2 (220).wav,1
S_2 (221).wav,1
S_2 (222).wav,1
S_2 (223).wav,1
S_2 (224).wav,1
S_2 (225).wav,1
S_2 (226).wav,1
S_2 (227).wav,1
S_2 (228).wav,1
S_2 (229).wav,1
S_2 (23).wav,1
S_2 (230).wav,1
S_2 (231).wav,1
S_2 (232).wav,1
S_2 (233).wav,1
S_2 (234).wav,1
S_2 (235).wav,1
S_2 (236).wav,1
S_2 (237).wav,1
S_2 (238).wav,1
S_2 (239).wav,1
S_2 (24).wav,1
S_2 (240).wav,1
S_2 (241).wav,1
S_2 (242).wav,1
S_2 (243).wav,1
S_2 (244).wav,1
S_2 (245).wav,1
S_2 (246).wav,1
S_2 (247).wav,1
S_2 (248).wav,1
S_2 (249).wav,1
S_2 (25).wav,1
S_2 (250).wav,1
S_2 (251).wav,1
S_2 (252).wav,1
S_2 (253).wav,1
S_2 (254).wav,1
S_2 (255).wav,1
S_2 (256).wav,1
S_2 (257).wav,1
S_2 (258).wav,1
S_2 (259).wav,1
S_2 (26).wav,1
S_2 (260).wav,1
S_2 (261).wav,1
S_2 (262).wav,1
S_2 (263).wav,1
S_2 (264).wav,1
S_2 (265).wav,1
S_2 (266).wav,1
S_2 (267).wav,1
S_2 (268).wav,1
S_2 (269).wav,1
S_2 (27).wav,1
S_2 (270).wav,1
S_2 (271).wav,1
S_2 (272).wav,1
S_2 (273).wav,1
S_2 (274).wav,1
S_2 (275).wav,1
S_2 (276).wav,1
S_2 (277).wav,1
S_2 (278).wav,1
S_2 (279).wav,1
S_2 (28).wav,1
S_2 (280).wav,1
S_2 (281).wav,1
S_2 (282).wav,1
S_2 (283).wav,1
S_2 (284).wav,1
S_2 (285).wav,1
S_2 (286).wav,1
S_2 (287).wav,1
S_2 (288).wav,1
S_2 (289).wav,1
S_2 (29).wav,1
S_2 (290).wav,1
S_2 (291).wav,1
S_2 (292).wav,1
S_2 (293).wav,1
S_2 (294).wav,1
S_2 (295).wav,1
S_2 (296).wav,1
S_2 (297).wav,1
S_2 (298).wav,1
S_2 (299).wav,1
S_2 (3).wav,1
S_2 (30).wav,1
S_2 (300).wav,1
S_2 (301).wav,1
S_2 (302).wav,1
S_2 (303).wav,1
S_2 (304).wav,1
S_2 (305).wav,1
S_2 (306).wav,1
S_2 (307).wav,1
S_2 (308).wav,1
S_2 (309).wav,1
S_2 (31).wav,1
S_2 (310).wav,1
S_2 (311).wav,1
S_2 (312).wav,1
S_2 (313).wav,1
S_2 (314).wav,1
S_2 (315).wav,1
S_2 (316).wav,1
S_2 (317).wav,1
S_2 (318).wav,1
S_2 (319).wav,1
S_2 (32).wav,1
S_2 (320).wav,1
S_2 (321).wav,1
S_2 (322).wav,1
S_2 (323).wav,1
S_2 (324).wav,1
S_2 (325).wav,1
S_2 (326).wav,1
S_2 (327).wav,1
S_2 (328).wav,1
S_2 (329).wav,1
S_2 (33).wav,1
S_2 (330).wav,1
S_2 (331).wav,1
S_2 (332).wav,1
S_2 (333).wav,1
S_2 (334).wav,1
S_2 (335).wav,1
S_2 (336).wav,1
S_2 (337).wav,1
S_2 (338).wav,1
S_2 (339).wav,1
S_2 (34).wav,1
S_2 (340).wav,1
S_2 (341).wav,1
S_2 (342).wav,1
S_2 (343).wav,1
S_2 (344).wav,1
S_2 (345).wav,1
S_2 (346).wav,1
S_2 (347).wav,1
S_2 (348).wav,1
S_2 (349).wav,1
S_2 (35).wav,1
S_2 (350).wav,1
S_2 (351).wav,1
S_2 (352).wav,1
S_2 (353).wav,1
S_2 (354).wav,1
S_2 (355).wav,1
S_2 (356).wav,1
S_2 (357).wav,1
S_2 (358).wav,1
S_2 (359).wav,1
S_2 (36).wav,1
S_2 (360).wav,1
S_2 (361).wav,1
S_2 (362).wav,1
S_2 (363).wav,1
S_2 (364).wav,1
S_2 (365).wav,1
S_2 (366).wav,1
S_2 (367).wav,1
S_2 (368).wav,1
S_2 (369).wav,1
S_2 (37).wav,1
S_2 (370).wav,1
S_2 (371).wav,1
S_2 (372).wav,1
S_2 (373).wav,1
S_2 (374).wav,1
S_2 (375).wav,1
S_2 (376).wav,1
S_2 (377).wav,1
S_2 (378).wav,1
S_2 (379).wav,1
S_2 (38).wav,1
S_2 (380).wav,1
S_2 (381).wav,1
S_2 (382).wav,1
S_2 (383).wav,1
S_2 (384).wav,1
S_2 (385).wav,1
S_2 (386).wav,1
S_2 (387).wav,1
S_2 (388).wav,1
S_2 (389).wav,1
S_2 (39).wav,1
S_2 (390).wav,1
S_2 (391).wav,1
S_2 (392).wav,1
S_2 (393).wav,1
S_2 (394).wav,1
S_2 (395).wav,1
S_2 (396).wav,1
S_2 (397).wav,1
S_2 (398).wav,1
S_2 (399).wav,1
S_2 (4).wav,1
S_2 (40).wav,1
S_2 (400).wav,1
S_2 (401).wav,1
S_2 (402).wav,1
S_2 (403).wav,1
S_2 (404).wav,1
S_2 (405).wav,1
S_2 (406).wav,1
S_2 (407).wav,1
S_2 (408).wav,1
S_2 (409).wav,1
S_2 (41).wav,1
S_2 (410).wav,1
S_2 (411).wav,1
S_2 (412).wav,1
S_2 (413).wav,1
S_2 (414).wav,1
S_2 (415).wav,1
S_2 (416).wav,1
S_2 (417).wav,1
S_2 (418).wav,1
S_2 (419).wav,1
S_2 (42).wav,1
S_2 (420).wav,1
S_2 (421).wav,1
S_2 (422).wav,1
S_2 (423).wav,1
S_2 (424).wav,1
S_2 (425).wav,1
S_2 (426).wav,1
S_2 (427).wav,1
S_2 (428).wav,1
S_2 (429).wav,1
S_2 (43).wav,1
S_2 (430).wav,1
S_2 (431).wav,1
S_2 (432).wav,1
S_2 (433).wav,1
S_2 (434).wav,1
S_2 (435).wav,1
S_2 (436).wav,1
S_2 (437).wav,1
S_2 (438).wav,1
S_2 (439).wav,1
S_2 (44).wav,1
S_2 (440).wav,1
S_2 (441).wav,1
S_2 (442).wav,1
S_2 (443).wav,1
S_2 (444).wav,1
S_2 (445).wav,1
S_2 (446).wav,1
S_2 (447).wav,1
S_2 (448).wav,1
S_2 (449).wav,1
S_2 (45).wav,1
S_2 (450).wav,1
S_2 (451).wav,1
S_2 (452).wav,1
S_2 (453).wav,1
S_2 (454).wav,1
S_2 (455).wav,1
S_2 (456).wav,1
S_2 (457).wav,1
S_2 (458).wav,1
S_2 (459).wav,1
S_2 (46).wav,1
S_2 (460).wav,1
S_2 (461).wav,1
S_2 (462).wav,1
S_2 (463).wav,1
S_2 (464).wav,1
S_2 (465).wav,1
S_2 (466).wav,1
S_2 (467).wav,1
S_2 (468).wav,1
S_2 (469).wav,1
S_2 (47).wav,1
S_2 (470).wav,1
S_2 (471).wav,1
S_2 (472).wav,1
S_2 (473).wav,1
S_2 (474).wav,1
S_2 (475).wav,1
S_2 (476).wav,1
S_2 (477).wav,1
S_2 (478).wav,1
S_2 (479).wav,1
S_2 (48).wav,1
S_2 (480).wav,1
S_2 (481).wav,1
S_2 (482).wav,1
S_2 (483).wav,1
S_2 (484).wav,1
S_2 (485).wav,1
S_2 (486).wav,1
S_2 (487).wav,1
S_2 (488).wav,1
S_2 (489).wav,1
S_2 (49).wav,1
S_2 (490).wav,1
S_2 (491).wav,1
S_2 (492).wav,1
S_2 (493).wav,1
S_2 (494).wav,1
S_2 (495).wav,1
S_2 (496).wav,1
S_2 (497).wav,1
S_2 (498).wav,1
S_2 (499).wav,1
S_2 (5).wav,1
S_2 (50).wav,1
S_2 (500).wav,1
S_2 (501).wav,1
S_2 (502).wav,1
S_2 (503).wav,1
S_2 (504).wav,1
S_2 (505).wav,1
S_2 (506).wav,1
S_2 (507).wav,1
S_2 (508).wav,1
S_2 (509).wav,1
S_2 (51).wav,1
S_2 (510).wav,1
S_2 (511).wav,1
S_2 (512).wav,1
S_2 (513).wav,1
S_2 (514).wav,1
S_2 (515).wav,1
S_2 (516).wav,1
S_2 (517).wav,1
S_2 (518).wav,1
S_2 (519).wav,1
S_2 (52).wav,1
S_2 (53).wav,1
S_2 (54).wav,1
S_2 (55).wav,1
S_2 (56).wav,1
S_2 (57).wav,1
S_2 (58).wav,1
S_2 (59).wav,1
S_2 (6).wav,1
S_2 (60).wav,1
S_2 (61).wav,1
S_2 (62).wav,1
S_2 (63).wav,1
S_2 (64).wav,1
S_2 (65).wav,1
S_2 (66).wav,1
S_2 (67).wav,1
S_2 (68).wav,1
S_2 (69).wav,1
S_2 (7).wav,1
S_2 (70).wav,1
S_2 (71).wav,1
S_2 (72).wav,1
S_2 (73).wav,1
S_2 (74).wav,1
S_2 (75).wav,1
S_2 (76).wav,1
S_2 (77).wav,1
S_2 (78).wav,1
S_2 (79).wav,1
S_2 (8).wav,1
S_2 (80).wav,1
S_2 (81).wav,1
S_2 (82).wav,1
S_2 (83).wav,1
S_2 (84).wav,1
S_2 (85).wav,1
S_2 (86).wav,1
S_2 (87).wav,1
S_2 (88).wav,1
S_2 (89).wav,1
S_2 (9).wav,1
S_2 (90).wav,1
S_2 (91).wav,1
S_2 (92).wav,1
S_2 (93).wav,1
S_2 (94).wav,1
S_2 (95).wav,1
S_2 (96).wav,1
S_2 (97).wav,1
S_2 (98).wav,1
S_2 (99).wav,1
0 (1000).wav,0
0 (801).wav,0
0 (802).wav,0
0 (803).wav,0
0 (804).wav,0
0 (805).wav,0
0 (806).wav,0
0 (807).wav,0
0 (808).wav,0
0 (809).wav,0
0 (810).wav,0
0 (811).wav,0
0 (812).wav,0
0 (813).wav,0
0 (814).wav,0
0 (815).wav,0
0 (816).wav,0
0 (817).wav,0
0 (818).wav,0
0 (819).wav,0
0 (820).wav,0
0 (821).wav,0
0 (822).wav,0
0 (823).wav,0
0 (824).wav,0
0 (825).wav,0
0 (826).wav,0
0 (827).wav,0
0 (828).wav,0
0 (829).wav,0
0 (830).wav,0
0 (831).wav,0
0 (832).wav,0
0 (833).wav,0
0 (834).wav,0
0 (835).wav,0
0 (836).wav,0
0 (837).wav,0
0 (838).wav,0
0 (839).wav,0
0 (840).wav,0
0 (841).wav,0
0 (842).wav,0
0 (843).wav,0
0 (844).wav,0
0 (845).wav,0
0 (846).wav,0
0 (847).wav,0
0 (848).wav,0
0 (849).wav,0
0 (850).wav,0
0 (851).wav,0
0 (852).wav,0
0 (853).wav,0
0 (854).wav,0
0 (855).wav,0
0 (856).wav,0
0 (857).wav,0
0 (858).wav,0
0 (859).wav,0
0 (860).wav,0
0 (861).wav,0
0 (862).wav,0
0 (863).wav,0
0 (864).wav,0
0 (865).wav,0
0 (866).wav,0
0 (867).wav,0
0 (868).wav,0
0 (869).wav,0
0 (870).wav,0
0 (871).wav,0
0 (872).wav,0
0 (873).wav,0
0 (874).wav,0
0 (875).wav,0
0 (876).wav,0
0 (877).wav,0
0 (878).wav,0
0 (879).wav,0
0 (880).wav,0
0 (881).wav,0
0 (882).wav,0
0 (883).wav,0
0 (884).wav,0
0 (885).wav,0
0 (886).wav,0
0 (887).wav,0
0 (888).wav,0
0 (889).wav,0
0 (890).wav,0
0 (891).wav,0
0 (892).wav,0
0 (893).wav,0
0 (894).wav,0
0 (895).wav,0
0 (896).wav,0
0 (897).wav,0
0 (898).wav,0
0 (899).wav,0
0 (900).wav,0
0 (901).wav,0
0 (902).wav,0
0 (903).wav,0
0 (904).wav,0
0 (905).wav,0
0 (906).wav,0
0 (907).wav,0
0 (908).wav,0
0 (909).wav,0
0 (910).wav,0
0 (911).wav,0
0 (912).wav,0
0 (913).wav,0
0 (914).wav,0
0 (915).wav,0
0 (916).wav,0
0 (917).wav,0
0 (918).wav,0
0 (919).wav,0
0 (920).wav,0
0 (921).wav,0
0 (922).wav,0
0 (923).wav,0
0 (924).wav,0
0 (925).wav,0
0 (926).wav,0
0 (927).wav,0
0 (928).wav,0
0 (929).wav,0
0 (930).wav,0
0 (931).wav,0
0 (932).wav,0
0 (933).wav,0
0 (934).wav,0
0 (935).wav,0
0 (936).wav,0
0 (937).wav,0
0 (938).wav,0
0 (939).wav,0
0 (940).wav,0
0 (941).wav,0
0 (942).wav,0
0 (943).wav,0
0 (944).wav,0
0 (945).wav,0
0 (946).wav,0
0 (947).wav,0
0 (948).wav,0
0 (949).wav,0
0 (950).wav,0
0 (951).wav,0
0 (952).wav,0
0 (953).wav,0
0 (954).wav,0
0 (955).wav,0
0 (956).wav,0
0 (957).wav,0
0 (958).wav,0
0 (959).wav,0
0 (960).wav,0
0 (961).wav,0
0 (962).wav,0
0 (963).wav,0
0 (964).wav,0
0 (965).wav,0
0 (966).wav,0
0 (967).wav,0
0 (968).wav,0
0 (969).wav,0
0 (970).wav,0
0 (971).wav,0
0 (972).wav,0
0 (973).wav,0
0 (974).wav,0
0 (975).wav,0
0 (976).wav,0
0 (977).wav,0
0 (978).wav,0
0 (979).wav,0
0 (980).wav,0
0 (981).wav,0
0 (982).wav,0
0 (983).wav,0
0 (984).wav,0
0 (985).wav,0
0 (986).wav,0
0 (987).wav,0
0 (988).wav,0
0 (989).wav,0
0 (990).wav,0
0 (991).wav,0
0 (992).wav,0
0 (993).wav,0
0 (994).wav,0
0 (995).wav,0
0 (996).wav,0
0 (997).wav,0
0 (998).wav,0
0 (999).wav,0
C_1 (335).wav,2
C_1 (336).wav,2
C_1 (337).wav,2
C_1 (338).wav,2
C_1 (339).wav,2
C_1 (340).wav,2
C_1 (341).wav,2
C_1 (342).wav,2
C_1 (343).wav,2
C_1 (344).wav,2
C_1 (345).wav,2
C_1 (346).wav,2
C_1 (347).wav,2
C_1 (348).wav,2
C_1 (349).wav,2
C_1 (350).wav,2
C_1 (351).wav,2
C_1 (352).wav,2
C_1 (353).wav,2
C_1 (354).wav,2
C_1 (355).wav,2
C_2 (220).wav,2
C_2 (221).wav,2
C_2 (222).wav,2
C_2 (223).wav,2
C_2 (224).wav,2
C_2 (227).wav,2
C_2 (228).wav,2
C_2 (229).wav,2
C_2 (230).wav,2
C_2 (231).wav,2
C_2 (232).wav,2
C_2 (233).wav,2
C_2 (234).wav,2
C_2 (235).wav,2
C_2 (236).wav,2
C_2 (237).wav,2
C_2 (238).wav,2
C_2 (239).wav,2
C_2 (240).wav,2
C_2 (241).wav,2
C_2 (242).wav,2
C_2 (243).wav,2
C_2 (244).wav,2
C_2 (245).wav,2
C_2 (246).wav,2
C_2 (247).wav,2
C_2 (248).wav,2
C_2 (249).wav,2
C_2 (250).wav,2
C_2 (251).wav,2
C_2 (252).wav,2
C_2 (253).wav,2
C_2 (254).wav,2
C_2 (255).wav,2
C_2 (256).wav,2
C_2 (257).wav,2
C_2 (258).wav,2
C_2 (259).wav,2
C_2 (260).wav,2
C_2 (261).wav,2
C_2 (262).wav,2
C_2 (263).wav,2
C_2 (264).wav,2
C_2 (265).wav,2
C_2 (266).wav,2
C_2 (267).wav,2
C_2 (268).wav,2
C_2 (269).wav,2
C_2 (270).wav,2
C_2 (271).wav,2
C_3 (247).wav,2
C_3 (248).wav,2
C_3 (249).wav,2
C_3 (250).wav,2
C_3 (251).wav,2
C_3 (252).wav,2
C_3 (253).wav,2
C_3 (254).wav,2
C_3 (255).wav,2
C_3 (256).wav,2
C_3 (257).wav,2
C_3 (258).wav,2
C_3 (259).wav,2
C_3 (260).wav,2
C_3 (261).wav,2
C_3 (262).wav,2
C_3 (263).wav,2
C_3 (264).wav,2
C_3 (265).wav,2
C_3 (266).wav,2
C_3 (267).wav,2
C_3 (268).wav,2
C_3 (269).wav,2
C_3 (270).wav,2
C_3 (271).wav,2
C_3 (272).wav,2
C_3 (273).wav,2
C_3 (274).wav,2
C_3 (275).wav,2
C_3 (276).wav,2
C_3 (277).wav,2
C_3 (278).wav,2
C_3 (279).wav,2
C_3 (280).wav,2
C_3 (281).wav,2
C_3 (282).wav,2
C_3 (283).wav,2
C_3 (284).wav,2
C_3 (285).wav,2
C_3 (286).wav,2
C_3 (287).wav,2
C_3 (288).wav,2
C_3 (289).wav,2
C_3 (290).wav,2
C_3 (291).wav,2
C_3 (292).wav,2
C_3 (293).wav,2
C_3 (294).wav,2
C_3 (295).wav,2
C_3 (296).wav,2
C_3 (297).wav,2
C_3 (298).wav,2
C_3 (299).wav,2
C_3 (300).wav,2
C_3 (301).wav,2
C_3 (302).wav,2
C_3 (303).wav,2
C_3 (304).wav,2
C_3 (305).wav,2
C_3 (306).wav,2
C_3 (307).wav,2
C_3 (308).wav,2
C_3 (309).wav,2
C_3 (310).wav,2
C_3 (311).wav,2
C_3 (312).wav,2
C_3 (313).wav,2
C_3 (314).wav,2
C_3 (315).wav,2
C_3 (316).wav,2
C_3 (317).wav,2
C_3 (318).wav,2
C_3 (319).wav,2
C_3 (320).wav,2
C_3 (321).wav,2
C_3 (322).wav,2
C_3 (323).wav,2
C_3 (324).wav,2
C_3 (325).wav,2
C_3 (326).wav,2
C_3 (327).wav,2
C_3 (328).wav,2
C_3 (329).wav,2
C_3 (330).wav,2
C_3 (331).wav,2
C_3 (332).wav,2
C_3 (333).wav,2
C_3 (334).wav,2
C_3 (335).wav,2
C_3 (336).wav,2
C_3 (337).wav,2
C_3 (338).wav,2
C_3 (339).wav,2
C_3 (340).wav,2
C_3 (341).wav,2
C_3 (342).wav,2
C_3 (343).wav,2
C_3 (344).wav,2
C_3 (345).wav,2
C_3 (346).wav,2
C_3 (347).wav,2
C_3 (348).wav,2
C_3 (349).wav,2
C_3 (350).wav,2
C_3 (351).wav,2
C_3 (352).wav,2
C_3 (353).wav,2
C_3 (354).wav,2
C_3 (355).wav,2
C_3 (356).wav,2
C_3 (357).wav,2
C_3 (358).wav,2
C_3 (359).wav,2
C_3 (360).wav,2
C_3 (361).wav,2
C_3 (362).wav,2
C_3 (363).wav,2
C_3 (364).wav,2
C_3 (365).wav,2
C_3 (366).wav,2
C_3 (367).wav,2
C_3 (368).wav,2
C_3 (369).wav,2
C_3 (370).wav,2
C_3 (371).wav,2
C_3 (372).wav,2
C_3 (373).wav,2
C_3 (374).wav,2
C_3 (375).wav,2
S_1 (282).wav,1
S_1 (283).wav,1
S_1 (284).wav,1
S_1 (285).wav,1
S_1 (286).wav,1
S_1 (287).wav,1
S_1 (288).wav,1
S_1 (289).wav,1
S_1 (290).wav,1
S_1 (291).wav,1
S_1 (292).wav,1
S_1 (293).wav,1
S_1 (294).wav,1
S_1 (295).wav,1
S_1 (296).wav,1
S_1 (297).wav,1
S_1 (298).wav,1
S_1 (299).wav,1
S_1 (300).wav,1
S_1 (301).wav,1
S_1 (302).wav,1
S_1 (303).wav,1
S_1 (304).wav,1
S_1 (305).wav,1
S_1 (306).wav,1
S_1 (307).wav,1
S_1 (308).wav,1
S_1 (309).wav,1
S_1 (310).wav,1
S_1 (311).wav,1
S_1 (312).wav,1
S_1 (313).wav,1
S_1 (314).wav,1
S_1 (315).wav,1
S_1 (316).wav,1
S_1 (317).wav,1
S_1 (318).wav,1
S_1 (319).wav,1
S_1 (320).wav,1
S_1 (321).wav,1
S_1 (322).wav,1
S_1 (323).wav,1
S_1 (324).wav,1
S_1 (325).wav,1
S_1 (326).wav,1
S_1 (327).wav,1
S_1 (328).wav,1
S_1 (329).wav,1
S_1 (330).wav,1
S_1 (331).wav,1
S_1 (332).wav,1
S_1 (333).wav,1
S_1 (334).wav,1
S_1 (335).wav,1
S_1 (336).wav,1
S_1 (337).wav,1
S_1 (338).wav,1
S_1 (339).wav,1
S_1 (340).wav,1
S_1 (341).wav,1
S_1 (342).wav,1
S_1 (343).wav,1
S_1 (344).wav,1
S_1 (345).wav,1
S_1 (346).wav,1
S_1 (347).wav,1
S_1 (348).wav,1
S_1 (349).wav,1
S_1 (350).wav,1
S_1 (351).wav,1
S_1 (352).wav,1
S_1 (353).wav,1
S_1 (354).wav,1
S_1 (355).wav,1
S_1 (356).wav,1
S_1 (357).wav,1
S_1 (358).wav,1
S_2 (520).wav,1
S_2 (521).wav,1
S_2 (522).wav,1
S_2 (523).wav,1
S_2 (524).wav,1
S_2 (525).wav,1
S_2 (526).wav,1
S_2 (527).wav,1
S_2 (528).wav,1
S_2 (529).wav,1
S_2 (530).wav,1
S_2 (531).wav,1
S_2 (532).wav,1
S_2 (533).wav,1
S_2 (534).wav,1
S_2 (535).wav,1
S_2 (536).wav,1
S_2 (537).wav,1
S_2 (538).wav,1
S_2 (539).wav,1
S_2 (540).wav,1
S_2 (541).wav,1
S_2 (542).wav,1
S_2 (543).wav,1
S_2 (544).wav,1
S_2 (545).wav,1
S_2 (546).wav,1
S_2 (547).wav,1
S_2 (548).wav,1
S_2 (549).wav,1
S_2 (550).wav,1
S_2 (551).wav,1
S_2 (552).wav,1
S_2 (553).wav,1
S_2 (554).wav,1
S_2 (555).wav,1
S_2 (556).wav,1
S_2 (557).wav,1
S_2 (558).wav,1
S_2 (559).wav,1
S_2 (560).wav,1
S_2 (561).wav,1
S_2 (562).wav,1
S_2 (563).wav,1
S_2 (564).wav,1
S_2 (565).wav,1
S_2 (566).wav,1
S_2 (567).wav,1
S_2 (568).wav,1
S_2 (569).wav,1
S_2 (570).wav,1
S_2 (571).wav,1
S_2 (572).wav,1
S_2 (573).wav,1
S_2 (574).wav,1
S_2 (575).wav,1
S_2 (576).wav,1
S_2 (577).wav,1
S_2 (578).wav,1
S_2 (579).wav,1
S_2 (580).wav,1
S_2 (581).wav,1
S_2 (582).wav,1
S_2 (583).wav,1
S_2 (584).wav,1
S_2 (585).wav,1
S_2 (586).wav,1
S_2 (587).wav,1
S_2 (588).wav,1
S_2 (589).wav,1
S_2 (590).wav,1
S_2 (591).wav,1
S_2 (592).wav,1
S_2 (593).wav,1
S_2 (594).wav,1
S_2 (595).wav,1
S_2 (596).wav,1
S_2 (597).wav,1
S_2 (598).wav,1
S_2 (599).wav,1
S_2 (600).wav,1
S_2 (601).wav,1
S_2 (602).wav,1
S_2 (603).wav,1
S_2 (604).wav,1
S_2 (605).wav,1
S_2 (606).wav,1
S_2 (607).wav,1
S_2 (608).wav,1
S_2 (609).wav,1
S_2 (610).wav,1
S_2 (611).wav,1
S_2 (612).wav,1
S_2 (613).wav,1
S_2 (614).wav,1
S_2 (615).wav,1
S_2 (616).wav,1
S_2 (617).wav,1
S_2 (618).wav,1
S_2 (619).wav,1
S_2 (620).wav,1
S_2 (621).wav,1
S_2 (622).wav,1
S_2 (623).wav,1
S_2 (624).wav,1
S_2 (625).wav,1
S_2 (626).wav,1
S_2 (627).wav,1
S_2 (628).wav,1
S_2 (629).wav,1
S_2 (630).wav,1
S_2 (631).wav,1
S_2 (632).wav,1
S_2 (633).wav,1
S_2 (634).wav,1
S_2 (635).wav,1
S_2 (636).wav,1
S_2 (637).wav,1
S_2 (638).wav,1
S_2 (639).wav,1
S_2 (640).wav,1
S_2 (641).wav,1
S_2 (642).wav,1